Aarsd1	Ubc
Aatf	Bloc1s2
Aatf	Dapk3
Aatf	Mapt
Aatf	Mns1
Aatf	Pmf1
Aatf	Tsg101
Abca2	Ubc
Abca3	Ubc
Abcb11	Ap2a1
Abcc2	Slc9a3r1
Abcc3	Mib1
Abcd2	Snca
Abcd3	Arf6
Abcd3	Ubc
Abcg1	Ubc
Abhd17a	Ubc
Abi2	Caskin1
Abl1	Agtr1a
Abl1	Grb2
Abl1	Sorbs3
Abl1	Wasf1
Abl2	Sorbs3
Acadl	Gja1
Acin1	Mib1
Acly	Park7
Acly	Snca
Aco1	Ubc
Aco2	Sumo3
Acp6	Ubc
Acsbg1	Mib1
Acsbg1	Ubc
Acta1	Cnn1
Acta1	Gja1
Acta1	Park7
Acta1	Snca
Acta1	Sumo3
Actb	Brdt
Actb	Clic4
Actb	Dmd
Actb	Espn
Actb	Itgb1
Actb	Ncald
Actb	Pld2
Actb	Rad23b
Actb	Ubc
Actc1	Park7
Actc1	Rad23b
Actc1	Snca
Actg1	Dlg4
Actn1	Mib1
Actn1	Pdlim2
Actn1	Sptan1
Actn1	Sptbn1
Actn1	Ubc
Actn2	Fbxl22
Actn4	Gja1
Actn4	Pdlim2
Actn4	Sumo3
Actr1b	Ubc
Actr2	Gja1
Actr2	Snca
Actr2	Ubc
Actr3	Snca
Actr3b	Sumo3
Acvr1	Ubc
Acyp1	Ubc
Adam15	Sgip1
Adam22	Dao
Adap1	Kif13b
Adap1	Ranbp9
Adcy2	Ubc
Adcy3	Ubc
Adcy5	Ubc
Adcy7	Ubc
Adcy9	Ubc
Add2	Calm1
Adora1	Egfr
Adora1	Epb41l2
Adora2a	Calm1
Adora2a	Drd2
Adrb2	Akap5
Adrb2	Arrb2
Adrb2	Mdm2
Adrb2	Prkcg
Adrb2	Ubc
Adrbk1	Akt1
Adrm1	Rad23b
Adrm1	Ubc
Aes	Ubc
Agap1	Mib1
Agap2	Grip1
Agap2	Homer1
Agap2	Homer2
Ager	S100b
Ago2	Mib1
Ago3	Mib1
Agt	Agtr1a
Agtr1a	Drd1
Agtr1a	Htr2b
Agtr1a	Src
Agtr1a	Trpv4
Ahcy	Ubc
Ahr	Aip
Ahr	Arnt
Ahr	Hsp90aa1
Ahr	Ubc
Aifm3	Ubc
Aip	Pde4a
Aip	Ret
Akap5	Calm1
Akap5	Trpv1
Akap9	Ube2i
Akr1b1	Gja1
Akr1b1	Sumo3
Akt1	Bag1
Akt1	Braf
Akt1	Foxo3
Akt1	Gapdh
Akt1	Gsk3a
Akt1	Gsk3b
Akt1	Hsp90aa1
Akt1	Ms4a2
Akt1	Sh2b2
Akt1	Smad3
Akt1	Uxs1
Alad	Ubc
Aldh3b1	Ubc
Aldoa	Gja1
Aldoa	Ubc
Aldoart2	Rad23b
Aldoart2	Sumo3
Aldoc	Rad23b
Aldoc	Snca
Aldoc	Ubc
Ambra1	Park2
Amph	Ap2a1
Amph	Ap2a2
Amph	Ap2b1
Amph	Bin1
Amph	Clta
Amph	Cltc
Amph	Dao
Amph	Dnm1
Amph	Epn1
Amph	Fabp4
Amph	Necap1
Amph	Necap2
Amph	Synj1
Amph	Synm
Amph	Ubc
Anapc4	Ubc
Anapc7	Mib1
Ank1	Dao
Ank2	Atp1a1
Ank2	Atp1a2
Ank2	Atp1a3
Ank2	Dao
Ank2	Itpr1
Ank2	Nfasc
Ank2	Slc8a1
Ank2	Sptan1
Ank2	Sptbn1
Ank3	Atp1a1
Ank3	Ubc
Ankrd13a	Ubc
Ankrd34c	Mib1
Ankrd46	Ubc
Ankrd50	Mib1
Anks1b	Ubc
Anp32b	Mib1
Anp32e	Mib1
Anp32e	Ubc
Anpep	Lmnb1
Anpep	Vim
Anxa1	Gja1
Anxa1	Rad23b
Anxa2	Gja1
Anxa2	Rad23b
Anxa2	Sumo3
Anxa5	Ubc
Anxa6	Ubc
Ap1b1	Dao
Ap1g2	Synrg
Ap1m1	March11
Ap2a1	Arfgap1
Ap2a1	Bin1
Ap2a1	Dao
Ap2a1	Dnm1
Ap2a1	Dnm2
Ap2a1	Dnm3
Ap2a1	Epn1
Ap2a1	Eps15
Ap2a1	Hspa8
Ap2a1	Itsn1
Ap2a1	Necap1
Ap2a1	Scyl1
Ap2a1	Sec23ip
Ap2a1	Snap29
Ap2a1	Snap91
Ap2a2	Bin1
Ap2a2	Dao
Ap2a2	Dennd1a
Ap2a2	Epn1
Ap2a2	Eps15
Ap2a2	Necap1
Ap2a2	Snap91
Ap2a2	Synj1
Ap2a2	Ubc
Ap2b1	Arfgap1
Ap2b1	Arrb2
Ap2b1	Bin1
Ap2b1	Cltc
Ap2b1	Dao
Ap2b1	Dnm1
Ap2b1	Epn1
Ap2b1	Epn2
Ap2b1	Eps15
Ap2b1	Hspa8
Ap2b1	Itsn1
Ap2b1	Itsn2
Ap2b1	Krt1
Ap2b1	Mybl2
Ap2b1	Rangap1
Ap2b1	Scyl1
Ap2b1	Snap91
Ap2b1	Synrg
Ap2b1	Tfrc
Ap2b1	Tollip
Ap2b1	Tom1
Ap2b1	Ubc
Ap2m1	Arfgap1
Ap2m1	Epn1
Ap2m1	P2rx4
Ap2m1	Ubc
Ap3b1	Pld1
Ap3m2	Mib1
Apba1	Cask
Apba1	Mib1
Apba1	Nrxn1
Apba1	Snap25
Apba1	Stx1a
Apba1	Stxbp1
Apba2	Grasp
Apba2	Mib1
Apba2	Nrxn1
Apba2	Stx1a
Apba2	Stxbp1
Apba3	Mib1
Apc	Axin1
Apc	Ctnnb1
Apc	Ctnnd2
Apc	Gsk3b
Apc	Macf1
Aph1a	Erlin2
Apoa1	Lcat
Apod	Lepr
Apoe	Dao
Apoe	Ubc
Apoo	Dao
App	Nae1
App	Ngfr
App	Ubc
Appl2	Ubc
Aqp4	Dao
Aqp4	Ubc
Ar	Daxx
Araf	Hras
Araf	Mdk
Araf	Rgs12
Arc	Tfpt
Arc	Ubc
Arcn1	Insr
Arcn1	Sumo3
Arf2	Sumo3
Arf4	Dao
Arf5	Dao
Arf6	Cyth2
Arf6	Pex3
Arf6	Tfrc
Arfgap1	Cep135
Arfgap1	Cltc
Arfgap1	Copb1
Arfgap1	Copg1
Arfgap1	Ctbp1
Arfgap1	Hspa4
Arfgap1	Tfrc
Arfgap1	Tubb3
Arfgef1	Ubc
Arg1	Mib1
Arg1	Rad23b
Arhgap23	Mib1
Arhgap26	Ubc
Arhgap29	Mib1
Arhgdia	Park7
Arhgdia	Sumo3
Arhgdia	Ubc
Arhgef25	Mib1
Arl2	Ubc
Arl6ip5	Ubc
Arl8a	Dao
Arl8a	Ubc
Arl8b	Ubc
Armcx3	Ubc
Arpc1a	Exoc7
Arpc1a	Ubc
Arpc1a	Was
Arpc4	Gja1
Arpc5	Gja1
Arpc5	Was
Arrb1	Gnrhr
Arrb1	Mdm2
Arrb1	Park2
Arrb1	Pde4a
Arrb1	Trhr
Arrb1	Trpv4
Arrb1	Ubc
Arrb2	Ubc
Arvcf	Ubc
Asb4	Irs4
Ascc1	Mib1
Ass1	Mib1
Astn1	Ubc
Atcay	Gls
Atf2	Mapk14
Atf4	Dapk3
Atf5	Ep300
Atg12	Atg3
Atic	Insr
Atn1	Sumo3
Atp1a1	Atp2b1
Atp1a1	Cfl1
Atp1a1	Gja1
Atp1a1	Ubc
Atp1a2	Atp2b1
Atp1a2	Itpr1
Atp1a2	Slc8a1
Atp1a2	Sptan1
Atp1a2	Sptbn1
Atp1a2	Ubc
Atp1a3	Itpr1
Atp1a3	Slc8a1
Atp1a3	Sptan1
Atp1a3	Ubc
Atp1b1	Ubc
Atp1b3	Gja1
Atp2a2	Slc8a1
Atp2a3	Dao
Atp2a3	Mib1
Atp2b1	Calm1
Atp2b1	Ubc
Atp2b2	Ubc
Atp2b3	Ubc
Atp2b4	Ubc
Atp2c1	Ubc
Atp5a1	Mib1
Atp5a1	Snca
Atp5a1	Sumo3
Atp5b	Gja1
Atp5b	Mib1
Atp5b	Park7
Atp5b	Sumo3
Atp5c1	Mib1
Atp6v0a1	Dao
Atp6v0a1	Ubc
Atp6v1a	Dao
Atp6v1a	Ubc
Atp6v1b2	Dao
Atp6v1b2	Ubc
Atp6v1c1	Dao
Atp6v1d	Mib1
Atp6v1e1	Ubc
Atp6v1g1	Ubc
Atp8a1	Dao
Atxn10	Ogt
Atxn10	Ubc
Atxn3	Tuba1a
Aup1	Numbl
Aup1	Ubc
Awp1	Pex5
Awp1	Pex6
Awp1	Ubc
Axin1	Dvl1
Axin1	Macf1
B2m	Ubc
B2m	Vcp
Babam1	Mib1
Bad	Braf
Bad	Snca
Bad	Ywhab
Bag1	Esr1
Bag1	Hspa4
Bag1	Hspa8
Bag1	Raf1
Bag1	Stub1
Bag6	Ubc
Bai3	Ubc
Baiap2	Cnksr3
Baiap2	Dlg1
Baiap2	Dlg3
Baiap2	Eps8l1
Baiap2	Espn
Baiap2	Lin7b
Baiap2	Magi2
Basp1	Park7
Basp1	Snca
Basp1	Ubc
Bax	Bcl2
Bax	Hspd1
Bcan	Tnr
Bcap31	Ubc
Bcar1	Crk
Bcar1	Fyn
Bcar1	Pik3r1
Bcar1	Ptk2
Bcar1	Ptpn11
Bcas1	Ubc
Bcat1	Ubc
Bckdhb	Bckdk
Bcl11b	Sumo3
Bcl2l1	Dnm1l
Bcl2l1	Hspd1
Bcl2l1	Mdm2
Bcl2l1	Tp53
Bcl2l1	Ubc
Bcl2l11	Trim2
Bcl2l11	Ubc
Bco2	Mib1
Bcr	Cd2ap
Becn1	Park2
Begain	Ubc
Bex1	Tollip
Bgn	Mib1
Bin1	Clta
Bin1	Cltc
Bin1	Dao
Bin1	Dnm1
Bin1	Fabp4
Bin1	Necap1
Bin1	Necap2
Bin1	Synj1
Bin1	Ubc
Birc6	Ubc
Bles03	Ubc
Blmh	Mib1
Bmpr1a	Ubc
Braf	Hras
Braf	Hspa4
Braf	Mdk
Braf	Ntrk1
Braf	Psme1
Braf	Psme3
Braf	Rgs12
Braf	Ywhab
Brcc3	Mib1
Brd8	Sumo3
Brdt	Elavl1
Brdt	Erp44
Brdt	Hnrnpl
Brdt	Hsp90aa1
Brdt	Sfpq
Brdt	Smarce1
Brdt	Top1
Brf1	Ephb1
Brf1	Myc
Brf1	Rb1
Brk1	Ubc
Bsn	Dao
Bsn	Ubc
Btrc	Sipa1l1
C1qb	Mib1
C1qbp	Dao
C1qbp	Mib1
C1qc	Mib1
C2	C3
C2	C6
C2	C7
C2	C9
C2	Psma3
C2	Psma5
C2	Psma6
C2	Psmb6
C2	Psmc1
C2	Psmc2
C2	Psmc3
C2	Psmc4
C2	Psmd14
C2	Psmd3
C2	Psmd7
C2	S8
C2cd5	Mib1
COX2	Sumo3
Cables1	Mib1
Cacna1a	Gnb1
Cacna1a	Map1b
Cacna1a	Rnf138
Cacna1a	Ube2l3
Cacna1b	Ubc
Cacna1b	Ube2l3
Cacna1c	Derl1
Cacna1c	Trim13
Cacna1c	Ubc
Cacna1c	Vcp
Cacna1g	Ranbp9
Cacna2d1	Dao
Cacna2d1	Slc8a1
Cacna2d1	Sptbn1
Cacna2d2	Dao
Cacng8	Mib1
Cacng8	Ubc
Cadm2	Ubc
Cadm3	Dao
Cadm3	Ubc
Calcr	Calm1
Calm1	Camk1
Calm1	Camk2a
Calm1	Camk2b
Calm1	Camk2g
Calm1	Camk4
Calm1	Camkk1
Calm1	Camkk2
Calm1	Camkv
Calm1	Cnp
Calm1	Crhr1
Calm1	Drd2
Calm1	Gapdh
Calm1	Gja1
Calm1	Glp1r
Calm1	Glp2r
Calm1	Grm7
Calm1	Hsp90ab1
Calm1	Itpka
Calm1	Itpr1
Calm1	Map2
Calm1	Map6
Calm1	Marcks
Calm1	Mbp
Calm1	Nos1
Calm1	Nrgn
Calm1	Pde1a
Calm1	Pde1b
Calm1	Pfkm
Calm1	Phkg2
Calm1	Pnck
Calm1	Ppp3ca
Calm1	Pth1r
Calm1	Pth2r
Calm1	Pygb
Calm1	Rph3a
Calm1	Scn2a
Calm1	Scn3a
Calm1	Scn4a
Calm1	Sctr
Calm1	Snca
Calm1	Sptan1
Calm1	Ssb
Calm1	Syn1
Calm1	Syn2
Calm1	Tsc1
Calm1	Tsc2
Calm1	Tuba1a
Calm1	Ubc
Calm1	Vipr1
Calm1	Vipr2
Calm1	Wfs1
Calm1	Ywhae
Calr	Gabarap
Calr	Park7
Calr	Snca
Caly	Ubc
Camk1	Camkk1
Camk1	Camkk2
Camk2a	Grm2
Camk2a	Grm3
Camk2a	Grm4
Camk2a	Grm7
Camk2a	Hes1
Camk2a	Lbr
Camk2a	Lrrc7
Camk2a	Parp1
Camk2a	Psma2
Camk2a	Psmc5
Camk2a	Tanc1
Camk2a	Ubc
Camk2b	Cdc20
Camk2b	Dact1
Camk2b	Dact2
Camk2b	Mib1
Camk2b	Pcm1
Camk2b	Tubg1
Camk2b	Ywhae
Camk2d	Grin2a
Camk2d	Grin2b
Camk2d	Mib1
Camk2d	Ubc
Camk2g	Mib1
Camk2g	Ubc
Camkk2	Prkaa2
Camkv	Ubc
Camlg	Tmub1
Cand1	Psmc2
Cand1	Psmc5
Cand1	Tbp
Canx	Grm1
Canx	Homer3
Canx	Park7
Canx	Psmc5
Canx	Snca
Canx	Vcp
Cap1	Sumo3
Cap2	Ubc
Caprin1	Ubc
Capza1	Dab1
Capza1	Gja1
Capza1	Ubc
Capza2	Gja1
Capzb	Dab1
Capzb	Ubc
Car10	Mib1
Car4	Dao
Cask	Caskin1
Cask	Dlg1
Cask	Nf1
Cask	Nphs1
Cask	Nrxn1
Cask	Nrxn2
Cask	Nrxn3
Cask	Ubc
Casq2	Mib1
Cat	Mib1
Cat	Park7
Cat	Rad23b
Cav1	Cav2
Cav1	Nf1
Cav1	Strn
Cav1	Strn3
Cav1	Strn4
Cav1	Ubc
Cav3	Dlg1
Cav3	Kcna5
Cav3	Kcnh2
Cav3	Nos1
Cbfa2t3	Ubc
Cbfb	Runx2
Cbl	Crk
Cbl	Egfr
Cbl	Flt1
Cbl	Grb2
Cbl	Irs1
Cbl	Lyn
Cbl	Map3k11
Cbl	Pik3r1
Cbl	Ret
Cbl	Shc1
Cbl	Sorbs1
Cbl	Spry2
Cbl	Ubc
Cbln1	Mib1
Cbln3	Mib1
Cbr1	Mib1
Cbx1	Ubc
Cbx4	Grm8
Cbx4	Sumo3
Ccar1	Sumo3
Ccar2	Mib1
Ccar2	Sumo3
Ccdc130	Park7
Ccdc50	Ubc
Ccdc82	Ubc
Ccdc93	Ubc
Ccna1	Cdh1
Ccna1	Ctnnb1
Ccna1	Hist1h1a
Ccnd2	Cdk2
Ccnd2	Cdk4
Ccnd2	Kras
Ccne1	Cdk2
Ccne1	Ctnnb1
Ccne1	Hist1h1a
Ccne1	Kras
Ccng1	Mdm2
Ccng1	Tp53
Ccsap	Ubc
Cct3	Park7
Cct3	Snca
Cct3	Sumo3
Cct3	Ubc
Cct4	Park7
Cct4	Snca
Cct5	Sumo3
Cct6a	Gja1
Cct7	Ubc
Cct8	Ubc
Cd2ap	Nphs1
Cd2ap	Ret
Cd47	Ubc
Cdc20	Cdc27
Cdc20	Kras
Cdc20	Plcb1
Cdc20	Tubg1
Cdc20	Ywhae
Cdc25a	Cdk5
Cdc25a	Ywhae
Cdc25b	Cdk5
Cdc25b	Ywhae
Cdc25c	Cdk5
Cdc25c	Ywhae
Cdc27	Cdh1
Cdc27	Kras
Cdc27	Mib1
Cdc37	Ksr1
Cdc37	Mapk7
Cdc37	Stk11
Cdc42	Pak1
Cdc42	Pak2
Cdc42	Tnk2
Cdc42	Ubc
Cdh1	Cdk2
Cdh2	Ubc
Cdip1	Ubc
Cdk1	Hist1h1a
Cdk2	Ctnnb1
Cdk2	Hist1h1a
Cdk2	Hist1h1t
Cdk2	Kras
Cdk4	Kras
Cdk4	Rassf1
Cdk4	Runx3
Cdk5	Cdk5r1
Cdk5	Dnm1
Cdk5	Mib1
Cdk5	Park2
Cdk5	Synj1
Cdk5	Ubc
Cdk5r1	Mib1
Cdk9	Gata4
Cdkl2	Mib1
Cdkl5	Mib1
Cdkn1a	Cebpa
Cdkn1b	Rchy1
Cdkn1b	Rnf123
Cdkn1b	Skp2
Cdkn1b	Tsc2
Cdkn1b	Ubc
Cdkn1c	Skp2
Cdkn1c	Ubc
Cebpa	Hdac3
Cebpa	Sumo1
Cebpb	Crebbp
Cebpb	Ep300
Cebpb	Gtf2b
Cebpb	Nolc1
Cebpg	E2f4
Cebpg	Rb1
Cebpg	Smarcd2
Celf2	Src
Celf2	Ubc
Cend1	Ubc
Cep97	Dao
Cfl1	Gja1
Cfl1	Park7
Cfl1	Ubc
Cftr	Slc4a7
Cftr	Tfap2a
Chchd3	Dao
Chd3	Sumo3
Chd6	Nfe2l2
Cherp	Mib1
Chic2	Ubc
Chkb	Ubc
Chrm1	Ubc
Chrna3	Stub1
Chrna3	Vcp
Cib1	Plk2
Cib1	Plk3
Cish	Ghr
Cish	Socs2
Cit	Ranbp9
Ckb	Ubc
Ckm	Rad23b
Ckmt1b	Ubc
Cks1b	Skp2
Clasp2	Ubc
Clcn1	Crbn
Clcn1	Cul4b
Clcn1	Ddb1
Cldn11	Ubc
Cldnd1	Ubc
Clic4	Dnm1
Clic4	Ubc
Clic4	Ywhae
Clic4	Ywhaz
Clic5	Ubc
Clint1	Dao
Clp1	Mib1
Clpx	Mib1
Clta	Cltb
Clta	Epn1
Clta	Park7
Clta	Ubc
Clta	Vcp
Cltc	Epn1
Cltc	Gabarap
Cltc	Gja1
Cltc	Ncald
Cltc	Park7
Cltc	Snca
Cltc	Sumo3
Cltc	Ubc
Cmip	Ubc
Cmpk1	Ubc
Cnksr2	Ubc
Cnn1	Mapk1
Cnn1	Prkca
Cnn3	Mapk1
Cnn3	Mapk3
Cnn3	Prkca
Cnp	Mib1
Cnp	Ubc
Cnr1	Sumo1
Cnrip1	Ubc
Cntnap1	Dao
Cntnap2	Kcna2
Cntnap2	Kcnab2
Coasy	Rps6kb1
Col1a1	Mib1
Col1a2	Mib1
Copa	Ubc
Copb1	Eea1
Copb2	Park7
Copb2	Ubc
Cops2	Ubc
Cops3	Ubc
Cops5	Htr6
Coro1a	Mib1
Coro1c	Ubc
Coro6	Mib1
Cpeb2	Mib1
Creb1	Hspa1a
Creb1	Mib1
Creb1	Ubc
Creb3l1	Syvn1
Creb3l1	Ubc
Creb3l2	Syvn1
Creb3l2	Ubc
Crebbp	Fgfr1
Crebbp	Gtf2b
Crebbp	Hes1
Crebbp	Parp1
Crebbp	Pou1f1
Crebbp	Rbck1
Crebbp	Sox9
Crebbp	Wt1
Crem	Stub1
Crem	Ubc
Crhr1	Ucn
Crhr2	Ucn
Crk	Gab1
Crk	Pxn
Crkl	Mapk8
Crkl	Pxn
Crmp1	Dao
Crmp1	Gne
Crmp1	Ubc
Crtc2	Prkaa2
Crtc2	Sik2
Crtc2	Sik3
Cry2	Ubc
Cryaa	F2rl1
Cryab	F2rl1
Cryab	Hspb1
Crym	Mib1
Csk	Gja1
Csk	Gsk3b
Csk	Pag1
Csk	Pten
Csk	Src
Csnk1a1	Ubc
Csnk1d	Dact1
Csnk1d	Dact2
Csnk1d	Dact3
Csnk1d	Map4
Csnk1d	Snapin
Csnk1g1	Ubc
Csnk2a1	Grin2b
Csnk2a1	Lbr
Csnk2a1	Mib1
Csnk2a2	Mib1
Csnk2b	Eif4ebp1
Csnk2b	Mib1
Cspg4	Mpdz
Cspg5	Ubc
Ctbp1	Ikzf1
Ctbp1	Nos1
Ctbp2	Ubc
Ctf2	Src
Ctnna1	Mib1
Ctnnal1	Mib1
Ctnnb1	Ctnnd2
Ctnnb1	Cxxc4
Ctnnb1	Dact2
Ctnnb1	Dact3
Ctnnb1	Gsk3b
Ctnnb1	Macf1
Ctnnb1	Mib1
Ctnnb1	Ubc
Ctnnbip1	Ubc
Ctnnd1	Dact1
Ctnnd1	Dact2
Ctnnd1	Mib1
Ctnnd1	Nphs1
Ctnnd2	Gsk3b
Ctnnd2	Ubc
Ctsd	Ntrk1
Ctsl	Gja1
Cttn	Kcna2
Cul1	Klhl17
Cul1	Ubc
Cul2	Hif1a
Cul3	Klhl17
Cul3	Ubc
Cul4a	Ubc
Cul5	Ubc
Cx3cl1	Ubc
Cxcl2	Ubc
Cxxc4	Dvl1
Cycs	Park7
Cycs	Rad23b
Cyfip2	Dao
Cyld	Mib1
Cyld	Ntrk1
Cyp1a1	Hsp90aa1
Cyp1a1	Hspa4
Cyp27a1	Hspa4
Cyp27b1	Tp53
Cyp2b1	Hsp90aa1
Cyp2b1	Hspa4
Cyp2e1	Hsp90aa1
Cyp2e1	Hspa4
Cyp2e1	Jun
Cyp2e1	Jund
Cyp3a23/3a1	Ubc
Cyp3a62	Ubc
Cyp3a62	Vcp
Cyp51	Ubc
Cyth1	Mib1
Cyth2	Grasp
Dact1	Dvl1
Dact1	Dvl2
Dact1	Dvl3
Dact1	Hdac1
Dact1	Prkaca
Dact1	Prkca
Dact1	Vangl1
Dact1	Vangl2
Dact2	Dvl1
Dact2	Dvl2
Dact2	Dvl3
Dact2	Hdac1
Dact2	Hnf1a
Dact2	Lef1
Dact2	Prkaca
Dact2	Prkca
Dact2	Tcf3
Dact2	Tgfb1
Dact2	Vangl1
Dact2	Vangl2
Dact3	Dvl1
Dact3	Dvl2
Dact3	Dvl3
Dact3	Prkaca
Dact3	Prkca
Dact3	Vangl1
Dact3	Vangl2
Dag1	Dmd
Dao	Ddost
Dao	Ddx3x
Dao	Ddx5
Dao	Dnm1l
Dao	Dnm3
Dao	Dpp6
Dao	Dsp
Dao	Dync1h1
Dao	Dync1li2
Dao	Dynll2
Dao	Eef1a2
Dao	Elavl1
Dao	Erc1
Dao	Erc2
Dao	Erlin2
Dao	Fam162a
Dao	Flot1
Dao	Gja1
Dao	Gnaq
Dao	Gnb4
Dao	Gria1
Dao	Gria4
Dao	Hk1
Dao	Hp1bp3
Dao	Idh3B
Dao	Igsf8
Dao	Ilf2
Dao	Immt
Dao	Inpp5a
Dao	Itpr3
Dao	Kctd12
Dao	Kif5c
Dao	LOC100362640
Dao	LOC100911597
Dao	LOC102555453
Dao	LOC679739
Dao	Lmnb1
Dao	Maoa
Dao	Maob
Dao	Map1a
Dao	Map1b
Dao	Mapre2
Dao	Mff
Dao	Mgst3
Dao	Mtch2
Dao	Mtx2
Dao	Myh10
Dao	Myh14
Dao	Myh9
Dao	Myl6
Dao	Myo5a
Dao	Napa
Dao	Napb
Dao	Ncam1
Dao	Ncoa6
Dao	Ndufa11
Dao	Ndufa12
Dao	Ndufa5
Dao	Ndufa9
Dao	Ndufb10
Dao	Ndufb11
Dao	Ndufb5
Dao	Ndufb7
Dao	Ndufb8
Dao	Ndufc2
Dao	Ndufs2
Dao	Ndufs4
Dao	Ndufs8
Dao	Ndufv1
Dao	Ndufv2
Dao	Negr1
Dao	Nfasc
Dao	Ntm
Dao	Ogt
Dao	Pabpc1
Dao	Pc
Dao	Pclo
Dao	Pfn1
Dao	Phyhip
Dao	Ppp1cb
Dao	Ppp1cc
Dao	Prex2
Dao	Prkcb
Dao	Prkcg
Dao	Prrc2c
Dao	Purb
Dao	Pygb
Dao	Pygm
Dao	RGD1307660
Dao	RGD1562953
Dao	Rab2a
Dao	Rab5c
Dao	Rab7a
Dao	Rap1b
Dao	Rapgef4
Dao	Rbm14
Dao	Rpl14
Dao	Rpl22
Dao	Rpl3
Dao	Rpl30
Dao	Rpl7
Dao	Rplp0
Dao	Rplp2
Dao	Rps18
Dao	Rps19
Dao	Rps2
Dao	Rps3
Dao	Rps6
Dao	Rps8
Dao	Rps9
Dao	Rtn4
Dao	Sacs
Dao	Samm50
Dao	Sccpdh
Dao	Sdha
Dao	Sdhb
Dao	Sec22b
Dao	Sfxn1
Dao	Sfxn3
Dao	Slc12a5
Dao	Slc1a2
Dao	Slc1a6
Dao	Slc32a1
Dao	Slc4a4
Dao	Srcin1
Dao	Stoml2
Dao	Stx12
Dao	Stx7
Dao	Syn1
Dao	Tardbp
Dao	Thy1
Dao	Trim3
Dao	Tufm
Dao	Unc13a
Dao	Upf1
Dao	Uqcrb
Dao	Uqcrfs1
Dao	Vapa
Dao	Ylpm1
Dapk3	Mib1
Dapk3	Pawr
Dapk3	Rab3ip
Dapk3	Tpm1
Dars	Gja1
Daxx	Hdac1
Daxx	Tollip
Dbi	Ubc
Dcn	Gja1
Dcn	Mib1
Dcn	Otub1
Dcn	Ubc
Dctn1	Dync1i1
Dctn1	Ubc
Dctn2	Dync1i1
Dctn2	Kcna5
Dctn2	Rad23b
Dctn2	Ubc
Dctn3	Ubc
Dcun1d1	Ubc
Dcx	Nfasc
Ddah2	Ubc
Ddb1	Ubc
Ddi1	Ubc
Ddn	Magi2
Ddx39b	Sumo3
Ddx3x	Sumo3
Ddx5	Sumo3
Ddx6	Mib1
Dennd1a	Necap1
Dennd1a	Necap2
Dennd5a	Mib1
Dgkd	Mib1
Dgkz	Rb1
Dgkz	Rbl1
Dgkz	Rbl2
Dhrs4	Mib1
Dhrs7b	Ubc
Dhx36	Hdac4
Dhx9	Sumo3
Diablo	Xiap
Diras2	Mib1
Dis3l2	Mib1
Disc1	Pde4a
Dld	Mib1
Dlg1	Dlg2
Dlg1	Gria1
Dlg1	Grin2a
Dlg1	Grin2b
Dlg1	Kcna5
Dlg1	Kcnc1
Dlg1	Mpp3
Dlg1	Myo6
Dlg1	Tanc1
Dlg1	Ubc
Dlg2	Nlgn1
Dlg2	Nlgn2
Dlg2	Ptprz1
Dlg2	Sdk2
Dlg2	Ubc
Dlg3	Nlgn1
Dlg3	Nlgn2
Dlg3	Sdk2
Dlg3	Ubc
Dlg4	Efnb2
Dlg4	Grasp
Dlg4	Grik2
Dlg4	Grin2a
Dlg4	Grin2b
Dlg4	Klhl17
Dlg4	Map3k11
Dlg4	Mdm2
Dlg4	Nlgn1
Dlg4	Nlgn2
Dlg4	Ptpn5
Dlg4	Ptprz1
Dlg4	Sdk2
Dlg4	Tanc1
Dlg4	Ubc
Dlgap1	Shank1
Dlgap1	Shank3
Dlgap1	Sorbs2
Dlgap1	Tanc1
Dlgap1	Ubc
Dlgap2	Map1a
Dlgap2	Ubc
Dlgap3	Grasp
Dlgap3	Rgs12
Dlgap3	Shank3
Dll4	Mib1
Dmd	Dtna
Dmd	Dtnb
Dmd	Itgb1
Dmd	Mib1
Dmd	Ptk2
Dmd	Tln1
Dmxl1	Mib1
Dnaja1	Snca
Dnaja2	Ubc
Dnajb2	Ubc
Dnajb4	Ubc
Dnajc5	Ubc
Dnm1	Nme2
Dnm1	Ppp3ca
Dnm1	Sh3gl2
Dnm1	Sorbs1
Dnm1	Sorbs2
Dnm1	Ubc
Dnm1l	Ubc
Dnm2	Sorbs1
Dnm2	Sorbs2
Dnmt1	Esr2
Dnmt1	Pcna
Dnmt3b	Hdac2
Dnpep	Mib1
Dok1	Inpp5d
Dok1	Rasa1
Dok1	Shc1
Dpysl2	Katna1
Dpysl2	Park7
Dpysl2	Tuba1a
Dpysl2	Tubb3
Dpysl2	Ubc
Dpysl3	Ubc
Dpysl4	Ubc
Dpysl5	Ubc
Drd1	Grin1
Drd1	Grin2a
Drd1	Ranbp9
Drd2	Gria1
Drd2	Gria2
Drd2	Nsf
Dsg1	Mib1
Dstnl1	Gja1
Dstyk	Ubc
Dtna	Mib1
Dtna	Utrn
Dtnb	Mib1
Dtnb	Utrn
Dusp1	Ubc
Dusp15	Ubc
Dut	Ppara
Dync1h1	Glrb
Dync1h1	Gphn
Dync1h1	Mib1
Dync1h1	Snca
Dync1h1	Ubc
Dync1i1	Glrb
Dync1i1	Gphn
Dync1i1	Kcna5
Dync1i1	Ubc
Dync1i2	Ldlrap1
Dync1i2	Lrp2
Dync1li1	Snca
Dync2h1	Ubc
Dynll1	Snca
Dynll1	Ubc
Dynlrb1	Ubc
Dyrk1a	Map3k5
Dyx1c1	Esr1
Dyx1c1	Esr2
E2f1	Gsk3b
E2f1	Rb1
E2f5	Ep300
Ebf1	Zfp423
Edc3	Mib1
Edf1	Park7
Eea1	Git1
Eea1	Mib1
Eea1	Ntrk1
Eea1	Usp8
Eef1a1	Park7
Eef1a1	Rad23b
Eef1a1	Snca
Eef1a1	Sumo3
Eef1a1	Ubc
Eef1a2	Ubc
Eef1d	Gja1
Eef1g	Gja1
Eef1g	Sumo3
Eef2	Gja1
Eef2	Park7
Eef2	Rad23b
Eef2	Sumo3
Eef2	Ubc
Efemp1	Ubqln1
Efhd2	Ubc
Efnb2	Grip1
Efnb2	Nck2
Efnb2	Pdzrn3
Efnb2	Pick1
Efnb2	Psen1
Efnb2	Sdcbp
Efnb2	Sipa1l1
Efnb2	Src
Efr3a	Ubc
Egfr	Gab1
Egfr	Grb2
Egfr	Hsp90aa1
Egfr	Prkca
Egfr	Shc1
Egfr	Ubc
Egln3	Wdr83
Ehd1	Igf1r
Ehd1	Snap29
Ehd2	Picalm
Ehd2	Slc2a4
Ehd4	Ubc
Eif2ak2	Mib1
Eif2ak2	Strbp
Eif2s1	Snca
Eif2s1	Sumo3
Eif2s3x	Park7
Eif3a	Ubc
Eif3d	Sumo3
Eif3e	Gja1
Eif4a1	Sumo3
Eif4a2	Ubc
Eif4e	Eif4ebp1
Eif4e2	Mib1
Eif4ebp1	Mtor
Eif4ebp1	Prkca
Eif4g1	Gja1
Eif5a	Mvk
Eif5a	Snca
Eif6	Sumo3
Elavl1	Ptgs2
Elavl1	Serpine1
Elavl2	Ubc
Elavl4	Ubc
Elk1	Srf
Elovl2	Ubc
Elp5	Gja1
Elp6	Gja1
Enah	Gphn
Eno1	Gja1
Eno1	Ubc
Eno1-ps1	Sumo3
Ep300	Epc1
Ep300	Gata4
Ep300	Gtf2b
Ep300	Psmd9
Ep300	Sp1
Ep300	Tnp2
Epas1	Ubc
Epas1	Vhl
Epb4.1	Sptan1
Epb4.1	Sptbn1
Epb41l2	Sptan1
Epb41l2	Sptbn1
Epb41l2	Ubc
Epb41l3	Ubc
Epn1	Slc6a3
Epn1	Tuba1a
Epn1	Ubc
Epn1	Usp9x
Epn1	Zbtb16
Epn2	Tuba1a
Epor	Jak2
Eprs	Sumo3
Eps15	Gria1
Eps15	Mob4
Eps15	Necap1
Eps15	Necap2
Eps15	Nme2
Eps15	Slc6a3
Eps15	Synj1
Eps15	Ubc
Eps15l1	Ubc
Erbb2	L1cam
Erbb2ip	Mib1
Erbb3	L1cam
Erbb3	Nrg2
Erbb3	Ubc
Erbb4	Nrg2
Erbb4	Ptprz1
Erlin1	Erlin2
Erlin2	Itpr1
Erlin2	Ncstn
Erlin2	Psen1
Erlin2	Psenen
Esr1	Ncoa1
Esr1	Ncoa3
Esr1	Nedd8
Esr1	Psmc5
Esr1	Stub1
Esr1	Tsc1
Esr1	Tsc2
Esr1	Uba3
Esr1	Ubc
Esr2	Nr0b2
Esr2	Pcna
Esr2	Ubc
Esyt1	Ubc
Etf1	Park7
Exd2	Ubc
Exoc4	Was
Exoc6b	Ubc
Exoc7	Was
Exosc10	Mib1
Exosc2	Mib1
Exosc5	Mib1
Exosc6	Mib1
Exosc7	Mib1
Exosc8	Ubc
Exosc9	Mib1
Ezr	Ubc
Fabp9	Lipe
Faf1	Trpv1
Faf1	Ubc
Faim	Xiap
Faim2	Ubc
Fam109a	Mib1
Fam115a	Ubc
Fam175b	Mib1
Fam214b	Ubc
Fam49a	Ubc
Fam49b	Ubc
Fam81a	Ubc
Fasn	Rad23b
Fasn	Ubc
Fau	Park7
Fbxl16	Mib1
Fbxl22	Skp1
Fbxo2	Grin1
Fbxo22	Srr
Fbxw8	Gorasp1
Fcer1g	Mapk1
Fcer1g	Prkcd
Fcgr2b	Inpp5d
Fez1	Prkcz
Fgf1	S100a13
Fgf2	Glg1
Fgfr1	Rps6ka1
Fgr	Ubc
Fhdc1	Ubc
Fhl1	Mib1
Fibp	Mib1
Fis1	Ubc
Fkbp1a	Ubc
Flcn	Prkaa1
Flna	Gja1
Flna	Grm8
Flna	Pdlim2
Flnc	Gja1
Flnc	Sumo3
Fmnl2	Mib1
Fmr1	Ubc
Fnbp1	Mib1
Fnbp1	Rnd2
Fnbp1	Wasl
Foxg1	Tle1
Foxm1	Hif1a
Foxo1	Mdm2
Foxo1	Sirt1
Foxo4	Ogt
Fscn1	Sumo3
Fscn1	Ubc
Fth1	Mob4
Fxyd6	Ubc
Fyn	Ptpn5
Fyn	Ubc
G3bp2	Ubc
G6pd	Tagln
Gab2	Ubb
Gabarap	Gabrg1
Gabarap	Gabrg2
Gabarap	Gphn
Gabbr1	Gabbr2
Gabbr1	Ubc
Gabbr2	Psmc5
Gabbr2	Ubc
Gabra1	Ubc
Gabra2	Ubc
Gabrb2	Grasp
Gabrr3	Sqstm1
Gad1	Ubc
Gad2	Ubc
Galk1	Sumo3
Gap43	Ubc
Gapdh	Gja1
Gapdh	Ncald
Gapdh	Rad23b
Gapdh	Rilpl1
Gapdh	Siah1
Gapdh	Ubc
Gars	Park7
Gars	Sumo3
Gars	Ubc
Gbas	Mib1
Gbas	Rad23b
Gbp2	Sumo3
Gcdh	Mib1
Gch1	Gchfr
Gclc	Gclm
Gcm2	Ubc
Gda	Ubc
Gdap1	Ubc
Gdi1	Ubc
Gdi2	Sumo3
Gdi2	Ubc
Gdnf	Gfra1
Gfap	Mib1
Gfap	Rad23b
Gfap	Ubc
Ggct	Mib1
Ggt7	Ubc
Gh1	Tf
Gigyf2	Mib1
Gipc1	Gria2
Gipc1	Ntrk1
Gipc1	Ntrk2
Gipc1	Rgs19
Git1	Snx6
Gja1	Gnai2
Gja1	Hadha
Gja1	Hist1h1b
Gja1	Hist1h3f
Gja1	Hnrpd
Gja1	Hsd17b12
Gja1	Hsp90aa1
Gja1	Hsp90ab1
Gja1	Hspa5
Gja1	Hspa8
Gja1	Hspa9
Gja1	Hspd1
Gja1	Kpna1
Gja1	Lgals1
Gja1	Lima1
Gja1	Limch1
Gja1	Lmnb1
Gja1	Ndufs1
Gja1	Nedd4
Gja1	Nefl
Gja1	Nefm
Gja1	Npepl1
Gja1	Nrm
Gja1	Nup93
Gja1	Oat
Gja1	Pdia3
Gja1	Pfn1
Gja1	Pkm
Gja1	Pld3
Gja1	Ppia
Gja1	Prdx1
Gja1	Prdx2
Gja1	Prdx3
Gja1	Prdx5
Gja1	Prkca
Gja1	Prkcb
Gja1	Prkcg
Gja1	Prph
Gja1	Psmb7
Gja1	Psmd13
Gja1	Psmd2
Gja1	Psmd7
Gja1	Pten
Gja1	Pycr1
Gja1	Qars
Gja1	Ran
Gja1	Rap1a
Gja1	Rcn1
Gja1	Rpl22
Gja1	Rpl23
Gja1	Rpl27
Gja1	Rplp0
Gja1	Rplp1
Gja1	Rplp2
Gja1	Rps16
Gja1	Rps17
Gja1	Rps3a
Gja1	Rpsa
Gja1	Serpine2
Gja1	Shmt1
Gja1	Slc25a4
Gja1	Slc25a5
Gja1	Sod1
Gja1	Spta1
Gja1	Stau1
Gja1	Tjp1
Gja1	Tjp2
Gja1	Tmem43
Gja1	Trim21
Gja1	Tuba1a
Gja1	Tubb4a
Gja1	Tubb4b
Gja1	Tubb6
Gja1	Txnrd1
Gja1	Ubb
Gja1	Ubc
Gja1	Unc45a
Gja1	Uqcrc2
Gja1	Vdac2
Gja1	Vim
Gja1	Vps29
Gja1	Ywhaz
Gjb1	Ubc
Gjb6	Ubc
Gjc2	Ubc
Gjc3	Ubc
Gk	Ubc
Gkap1	Mib1
Glrb	Gphn
Glrb	Pfn1
Gltp	Ubc
Glul	Ubc
Gm2a	Pld2
Gmppa	Ubc
Gnai1	Ubc
Gnai2	Sumo3
Gnai3	Rasa3
Gnao1	Ubc
Gnao1	Zbtb16
Gnaq	Ubc
Gnas	Ubc
Gnaz	Ubc
Gnb1	Snca
Gnb1	Sumo3
Gnb2l1	Sumo3
Gnb2l1	Tollip
Gnb2l1	Ubc
Gnb3	Mib1
Gnb5	Ubc
Gne	Ubc
Gng13	Ubc
Gng3	Ubc
Gng7	Ubc
Gnl3l	Mib1
Gnpda2	Ubc
Golga2	Zfpl1
Golga7	Ubc
Gopc	Grm5
Gopc	Nlgn1
Gopc	Nlgn2
Gopc	Sdk2
Gorasp1	Ubc
Got1	Ubc
Gp1bb	Ubc
Gpc1	Mib1
Gpc3	Mib1
Gpc4	Mib1
Gpc5	Mib1
Gpd1	Ubc
Gphn	Pfn1
Gphn	Pfn2
Gpi	Ubc
Gpm6a	Ubc
Gpm6b	Ubc
Gpr37l1	Ubc
Gpr56	Ubc
Gprc5b	Ubc
Gpsm1	Usp9x
Grasp	Grm1
Grasp	Grm2
Grasp	Grm3
Grasp	Grm5
Grasp	Magi2
Grb14	Insr
Grb2	Irs1
Grb2	Irs2
Grb2	Shc1
Grb2	Ubc
Gria1	Myo6
Gria1	Tanc1
Gria1	Tnik
Gria1	Traf2
Gria1	Ubc
Gria2	Grip1
Gria2	Nsf
Gria2	Pick1
Gria2	Pik3r1
Gria2	Rgs3
Gria2	Sdcbp
Gria2	Ubc
Gria3	Ubc
Grik1	Klhl17
Grik1	Pick1
Grik1	Sdcbp
Grik2	Klhl17
Grik2	Map3k11
Grik2	Pick1
Grik2	Ubc
Grin1	Grin2a
Grin1	Grin2b
Grin1	Ubc
Grin2a	Ptpn5
Grin2b	Ptpn5
Grin2b	Sptan1
Grin2b	Tanc1
Grin2b	Ubc
Grin2d	Nedd4
Grip1	Igsf4
Grip1	Sdc2
Gripap1	Ubc
Grm1	Homer1
Grm1	Homer2
Grm1	Homer3
Grm1	Psma2
Grm1	Psmc5
Grm1	Siah1
Grm5	Shank3
Grm5	Siah1
Grm7	Tuba1a
Grm8	Hipk2
Grm8	Pias1
Grm8	Pias3
Grm8	Rock2
Grm8	Ube2i
Grm8	Ube2m
Grn	Hk3
Grn	Lep
Grpel1	Hspa9
Gsdma	Mib1
Gsk3b	Macf1
Gsk3b	Snca
Gsn	Ubc
Gspt1	Ubc
Gsta4	Mib1
Gsta5	Mib1
Gstm1	Mib1
Gstm3	Mib1
Gstm3	Ubc
Gstm5	Mib1
Gstm6	Mib1
Gstp1	Sumo3
Gtf2f1	Park7
Gtf2i	Mib1
Gtf2i	Sumo3
Gys1	Mib1
Gys1	Prkca
H2afy	Mib1
H2afy2	Ubc
H2afz	Ubc
H3f3b	Parp1
H3f3b	Ubc
Hba1	Ubc
Hbb	Mib1
Hbb	Ubc
Hcn1	Nedd4l
Hcn1	Ubc
Hcn2	Ubc
Hdac1	Hr
Hdac1	Rbl2
Hdac1	Rela
Hdac11	Ubc
Hdac1l	Sumo3
Hdac2	Hr
Hdac3	Hr
Hdac4	Mef2d
Hdac4	Rest
Hdac4	Runx2
Hdac5	Rest
Hebp1	Ubc
Herc1	Rad23b
Herc2	Ubc
Hes1	Kat2b
Hes1	Parp1
Hes1	Polr2a
Hes1	Sfpq
Hes1	Src
Hgs	Ntrk2
Hgs	Snap23
Hgs	Snap25
Hgs	Stx1a
Hgs	Syp
Hgs	Trak2
Hgs	Ubc
Hif1a	Mdm2
Hif1a	Pin1
Hif1a	Ubc
Hif1a	Vhl
Hip1	Ubc
Hist1h1a	Prkca
Hist1h1a	Prkcb
Hist1h1a	Prkcd
Hist1h1a	Prkce
Hist1h1b	Mib1
Hist1h1b	Snca
Hist1h1d	Mib1
Hist1h1d	Snca
Hist1h1t	Ubc
Hist1h2bb	Mib1
Hist1h2bl	Rnf4
Hist1h2bl	Tspy1
Hist1h4b	Mib1
Hist1h4b	Nfkb1
Hist1h4b	Parp1
Hist1h4b	Rnf4
Hist2h2aa3	Ubc
Hist2h2be	Ubc
Hist3h2a	Rnf4
Hist3h2a	Tspy1
Hist3h3	Nfkb1
Hist3h3	Prkca
Hist3h3	Rnf4
Hk1	Ubc
Hk3	Igfbp4
Hk3	Lep
Hk3	Ptgds
Hk3	Zbtb17
Hmgb1	Park7
Hmgb1	Prkca
Hmgb1	Prkcb
Hmgb1	Prkcd
Hmgb1	Prkcg
Hmgb1	Snca
Hmgb1	Ubc
Hmgcr	Ubc
Hmgcs2	Mib1
Hmox1	Ubc
Hnrnpa1	Mib1
Hnrnpa1	Park7
Hnrnpa1	Sumo3
Hnrnpa2b1	Sumo3
Hnrnpa2b1	Ubc
Hnrnpa3	Snca
Hnrnpc	Sumo3
Hnrnpc	Ubc
Hnrnpdl	Mib1
Hnrnpf	Sumo3
Hnrnph1	Snca
Hnrnph2	Mib1
Hnrnph2	Sumo3
Hnrnpk	Park7
Hnrnpk	Ubc
Hnrnpl	Sumo3
Hnrnpm	Sumo3
Hnrnpu	Mib1
Hnrnpu	Sumo3
Hnrnpul1	Mib1
Hnrnpul1	Sumo3
Hnrnpul2	Sumo3
Homer1	Shank1
Homer1	Shank3
Homer1	Tanc1
Homer1	Ubc
Homer3	Psma2
Homer3	Psmc5
Hp1bp3	Mib1
Hpcal1	Ubc
Hras	Ntrk1
Hras	Raf1
Hras	Rgs12
Hsp90aa1	Katna1
Hsp90aa1	Ksr1
Hsp90aa1	Lyn
Hsp90aa1	Ms4a2
Hsp90aa1	Nr3c1
Hsp90aa1	Prkcd
Hsp90aa1	Snca
Hsp90aa1	Stk11
Hsp90aa1	Sumo3
Hsp90aa1	Tp53
Hsp90aa1	Wasl
Hsp90ab1	Katna1
Hsp90ab1	Mapk7
Hsp90ab1	Snca
Hsp90ab1	Sumo3
Hsp90ab1	Ubc
Hsp90b1	Hspa5
Hsp90b1	Park7
Hsp90b1	Pdia4
Hsp90b1	Snca
Hsp90b1	Tg
Hsp90b1	Thbs1
Hspa12a	Ubc
Hspa1a	Katna1
Hspa1a	Nox4
Hspa1a	Stub1
Hspa4	Nr3c1
Hspa4	Pex5
Hspa4	Rad23b
Hspa4	Snca
Hspa4	Sumo3
Hspa4	Tp53
Hspa4	Ubc
Hspa4l	Ubc
Hspa5	Hyou1
Hspa5	Mvk
Hspa5	Pdia4
Hspa5	Tg
Hspa5	Thbs1
Hspa8	Katna1
Hspa8	Snca
Hspa8	Sumo3
Hspa8	Ubc
Hspa9	Park7
Hspa9	Snca
Hspb1	Hspbap1
Hspb1	Mapkapk5
Hspb1	Ubc
Hspd1	Park7
Hspd1	Snca
Hsph1	Ubc
Htr2a	Ubc
Htra1	Mib1
Htra2	Mib1
Htt	Tubb5
Hunk	Nedd4
Hyou1	Pdia4
Hyou1	Tg
Hyou1	Thbs1
Id1	Psmd4
Id3	Tcf3
Ide	Ubc
Idh1	Katna1
Idh2	Mib1
Idh2	Sumo3
Idh3B	Mib1
Idh3a	Mib1
Idh3g	Mib1
Ifitm3	Spp1
Igf1r	Snap29
Igfbp4	Lep
Igsf4	Sdcbp
Igsf5	Lnx1
Ikbip	Ubc
Ikbkb	Traf6
Ikbkg	Sumo1
Il1r1	Tollip
Il1rap	Tollip
Il1rap	Ubc
Ilf2	Ubc
Ilf3	Ubc
Ilk	Mib1
Ilk	Pxn
Impa1	Sumo3
Ina	Tanc1
Ina	Ubc
Ing1	Tollip
Inpp5d	Ms4a2
Inpp5d	Shc1
Insr	Plvap
Insr	Prkaa1
Insr	Prkaa2
Insr	Ptplad1
Insr	Ptpn11
Insr	Ubc
Irf2bp1	Sumo3
Irs1	Jak2
Irs1	Mdm2
Irs1	Mib1
Irs1	Pik3cg
Irs1	Pik3r1
Irs1	Pik3r2
Irs1	Ptpn11
Irs1	Sqstm1
Irs1	Ubc
Irs2	Jak2
Irs2	Nedd4
Irs2	Pik3r1
Irs2	Pik3r2
Irs3	Pik3r1
Itch	Ocln
Itch	Pi4k2a
Itch	Ubc
Itgb1	Ptk2
Itgb1	Pxn
Itgb1	Tln1
Itgb2	Ubc
Itm2a	Ubc
Itm2b	Ubc
Itm2c	Ubc
Itpr1	Slc8a1
Itpr1	Sptan1
Itpr1	Sptbn1
Itpr1	Ubc
Itpr1	Ube4a
Itpr1	Ufd1l
Itpr1	Vcp
Itpr2	Ubc
Itpr3	Ubc
Itsn1	Wasl
Ivd	Mib1
Jak2	Nfkbia
Jak2	Sh2b1
Jak2	Socs1
Jak2	Stat1
Jak2	Stat5a
Jam3	Ubc
Jmjd1c	Mib1
Jph4	Ubc
Jun	Klf5
Jun	Mapk8
Jun	Rnf187
Junb	Map3k1
Kat2b	Parp1
Kat2b	Ptf1a
Kat2b	Tnp2
Kat5	Pla2g4a
Katna1	Katnb1
Katna1	Krt1
Katna1	Map2
Katna1	Mapre1
Katna1	Pgk1
Katna1	Pygm
Katna1	Rufy3
Katna1	Stip1
Katna1	Stxbp1
Katna1	Tcp1
Kb15	Mib1
Kbtbd8	Mib1
Kcna1	Mib1
Kcna1	Ubc
Kcna2	Kcnab1
Kcna2	Kcnab2
Kcna2	Ubc
Kcna3	Mmp23
Kcna4	Ubc
Kcna5	Prkcz
Kcna5	Sqstm1
Kcna6	Ubc
Kcnab1	Slc40a1
Kcnab2	Khdrbs1
Kcnab2	Prkcz
Kcnab2	Slc40a1
Kcnab2	Sqstm1
Kcnab2	Ubc
Kcnb1	Stx1a
Kcnb1	Sumo1
Kcnb1	Sumo2
Kcnb1	Sumo3
Kcnb1	Ube2i
Kcnc2	Ubc
Kcnd2	Kcnip2
Kcnh7	Ubc
Kcnip3	Sumo1
Kcnj1	Ubc
Kcnj10	Ubc
Kcnj16	Ubc
Kcnma1	Pla2g4a
Kcnma1	Ubc
Kcnmb1	Pla2g4a
Kcnq1	Ubc
Kcnq2	Nedd4
Kcnq2	Ubc
Kcnq3	Nedd4
Kcnq3	Ubc
Kctd10	Pcna
Kctd10	Pold2
Kdm1a	Myc
Kdm1a	Sumo3
Kdm5b	Sumo3
Keap1	Myo7a
Khdrbs1	Khdrbs3
Khdrbs1	Traf6
Khdrbs3	Rbmx
Khdrbs3	Safb
Khdrbs3	Ythdc1
Kif21a	Mib1
Kif22	Sumo3
Kif2a	Mib1
Kif5c	Ubc
Kiss1	Kiss1r
Kit	Ubc
Klc1	Mapt
Klc1	Snca
Klc2	Mapt
Klf4	Lamc1
Klf4	Rara
Klf4	Smad2
Klf4	Smad3
Klf4	Sp1
Klf4	Ybx1
Klf6	Mef2d
Klhl14	Tor1a
Klhl17	Ubc
Klhl3	Mybpc3
Kpna1	Mib1
Kpna3	Mib1
Kpnb1	Mib1
Kpnb1	Snca
Kras	Mib1
Kras	Skp2
Kras	Ubc
Krt1	Sumo3
Krt10	Sumo3
Krt5	Sumo3
Ksr1	Map2k1
Ksr1	Map2k2
Ksr1	Ywhab
L1cam	Tob2
LOC100359916	Sumo3
LOC100360342	Ubc
LOC100360426	Ubc
LOC100360950	Sumo3
LOC100910660	Mib1
LOC289641	Mib1
LOC297756	Sumo3
LOC306079	Sumo3
LOC360933	Mib1
LOC501110	Mib1
LOC679539	Sumo3
LOC680063	Ubc
LOC680097	Sumo3
LOC680955	Ubc
LOC681410	Sumo3
LOC687295	Sumo3
LOC687506	Nrgn
LOC687994	Mib1
LOC691974	Tollip
Lamtor1	Ubc
Lancl1	Mib1
Lancl2	Mib1
Lancl2	Ubc
Laptm4a	Ubc
Larp1	Mib1
Larp7	Mib1
Lasp1	Mib1
Lbr	Prkaca
Ldha	Sumo3
Ldha	Ubc
Ldhb	Mib1
Ldhb	Ubc
Ldlrap1	Lrp2
Lep	Ptgds
Lep	Zbtb17
Lgi1	Mib1
Lig1	Sumo3
Lims1	Mib1
Lin7a	March11
Lin7a	March2
Lin7a	Ubc
Lin7c	March11
Lingo1	Ubc
Lipe	Star
Lman1	Tmed9
Lmna	Sumo3
Lmna	Ubc
Lmnb1	Mib1
Lmnb1	Plec
Lmnb1	Prkca
Lmnb1	Tmpo
Lmnb1	Ubc
Lphn1	Ubc
Lphn3	Mib1
Lppr4	Mib1
Lppr4	Ubc
Lrp6	Wnt3a
Lrrc41	Tceb1
Lrrc41	Tceb2
Lrrc47	Mib1
Lrrc57	Ubc
Lrrc59	Park7
Lrrc7	Mib1
Lrrc7	Ubc
Lrrc8e	Ubc
Lrrk2	Sqstm1
Lrrn1	Ubc
Lss	Ubc
Luzp1	Mib1
Lyn	Ms4a2
Lyn	Ubc
Mab21l2	Rad23b
Madd	Mib1
Madd	Ubc
Mafa	Mapk14
Mafk	Nfe2l2
Mag	Ubc
Maged1	Prnp
Magee1	Mib1
Magi1	Nlgn1
Magi1	Nlgn2
Magi1	Sdk2
Magi2	Nlgn1
Magi2	Nlgn2
Magi2	Sdk2
Magi2	Ubc
Magi3	Nlgn1
Magi3	Nlgn2
Magi3	Sdk2
Manf	Park7
Maoa	Ubc
Map1a	Spp1
Map1a	Tuba1a
Map1a	Ubc
Map1b	Park7
Map1b	Spp1
Map1b	Ubc
Map1lc3a	Tuba1a
Map1lc3b	Snca
Map1lc3b	Tuba1a
Map2	Ubc
Map2k1	Prkcz
Map2k1	Snca
Map2k2	Ntrk1
Map2k2	Prkcz
Map2k2	Rgs12
Map2k2	Ubc
Map2k3	Mapk14
Map3k14	Ubc
Map3k3	Psme3
Map3k3	Ywhab
Map3k3	Ywhae
Map3k3	Ywhag
Map3k3	Ywhah
Map3k3	Ywhaq
Map3k3	Ywhaz
Map3k7	Prkaa1
Map4k4	Mib1
Map6	Ubc
Map6d1	Ubc
Map7	Mib1
Map9	Mib1
Mapk1	Mapk3
Mapk1	Mbp
Mapk1	Prkca
Mapk1	Ptgs2
Mapk1	Rac1
Mapk1	Scnn1b
Mapk1	Scnn1g
Mapk14	Tab1
Mapk3	Prkca
Mapk3	Ptgs2
Mapk3	Pttg1
Mapk7	Rps6ka1
Mapk7	Stub1
Mapk8	Siah1
Mapk9	Ubc
Mapre2	Ubc
Mapre3	Ubc
Mapt	Ubc
March2	March3
March2	Stx12
March2	Stx6
March2	Stx8
March2	Ubc
March2	Vamp4
March3	Ubc
Mark1	Mib1
Mark3	Mib1
Mark4	Mib1
Mat1a	Pdrg1
Mat2a	Pdrg1
Matr3	Sumo3
Matr3	Ubc
Mbp	Mib1
Mbp	Pak2
Mbp	Prkca
Mbp	Prkci
Mbp	Ubc
Mbtps1	S1pr5
Mcam	Ubc
Mcm3	Sumo3
Mcm4	Sumo3
Mcm7	Sumo3
Mctp1	Mib1
Mctp2	Mib1
Mcts1	Snca
Mdh1	Park7
Mdh1	Ubc
Mdh2	Sumo3
Mdk	Raf1
Mdm2	Nr3c1
Mdm2	Ppara
Mdm2	Ptgs2
Mdm2	Rassf6
Mdm2	Slc14a2
Mdm2	Sumo1
Mdm2	Tp53
Mdm2	Ubc
Me1	Ubc
Mef2c	Mib1
Mef2d	Mib1
Mef2d	Prkaca
Mef2d	Ubc
Mep1b	Os9
Mertk	Ubc
Mfap3	Ubc
Mgrn1	Ubc
Mib1	Mical2
Mib1	Mink1
Mib1	Mpp3
Mib1	Mrps35
Mib1	Myt1l
Mib1	Nap1l1
Mib1	Nap1l4
Mib1	Nccrp1
Mib1	Ncl
Mib1	Nf1
Mib1	Nipsnap1
Mib1	Nos1
Mib1	Npm1
Mib1	Nrxn1
Mib1	Nrxn2
Mib1	Nrxn3
Mib1	Nup98
Mib1	Ocrl
Mib1	Otud4
Mib1	Pabpn1
Mib1	Pard3
Mib1	Parva
Mib1	Pax6
Mib1	Pc
Mib1	Pcf11
Mib1	Pde4b
Mib1	Pde4d
Mib1	Pdp1
Mib1	Peak1
Mib1	Phax
Mib1	Phyhip
Mib1	Phyhipl
Mib1	Plbd1
Mib1	Plg
Mib1	Pnn
Mib1	Poldip3
Mib1	Ppp1cb
Mib1	Pptc7
Mib1	Prkd1
Mib1	Prnp
Mib1	Prpf4b
Mib1	Prpf6
Mib1	Prss1
Mib1	Psd3
Mib1	Psmb5
Mib1	Psmd14
Mib1	Pura
Mib1	Purb
Mib1	Pygb
Mib1	RGD1304704
Mib1	RGD1306195
Mib1	RGD1562399
Mib1	RGD1563613
Mib1	RGD1563769
Mib1	RGD1564606
Mib1	RGD1564688
Mib1	Rab11fip2
Mib1	Rab11fip5
Mib1	Rac3
Mib1	Rae1
Mib1	Rala
Mib1	Rap1a
Mib1	Rasal2
Mib1	Rbm17
Mib1	Rbm27
Mib1	Rbmxrtl
Mib1	Rgs3
Mib1	Rnf14
Mib1	Rnmt
Mib1	Rpl5l1
Mib1	Rps15a
Mib1	Rps3a
Mib1	Rps5
Mib1	Rsu1
Mib1	Rundc3b
Mib1	Sbf1
Mib1	Sbno1
Mib1	Scaf11
Mib1	Scaper
Mib1	Scyl2
Mib1	Sdc2
Mib1	Sdc3
Mib1	Sdc4
Mib1	Sdpr
Mib1	Secisbp2l
Mib1	Selenbp1
Mib1	Sema5a
Mib1	Sema6d
Mib1	Sept2
Mib1	Serpinb13
Mib1	Sh3pxd2a
Mib1	Shoc2
Mib1	Sin3a
Mib1	Sipa1l1
Mib1	Sipa1l2
Mib1	Sipa1l3
Mib1	Slc25a4
Mib1	Smg6
Mib1	Smn1
Mib1	Snrpd3
Mib1	Snta1
Mib1	Sntb1
Mib1	Sntb2
Mib1	Snx33
Mib1	Snx9
Mib1	Spata2
Mib1	Spock1
Mib1	Spock2
Mib1	Srp14
Mib1	Srsf1
Mib1	Srsf4
Mib1	Srsf5
Mib1	Srsf7
Mib1	Ssbp1
Mib1	Strap
Mib1	Sucla2
Mib1	Sugt1
Mib1	Syngap1
Mib1	Syt7
Mib1	Tbc1d1
Mib1	Tbc1d30
Mib1	Tbc1d5
Mib1	Tbr1
Mib1	Tceb2
Mib1	Tceb3
Mib1	Tcf20
Mib1	Tdrd3
Mib1	Tfpi
Mib1	Tgm1
Mib1	Tiam1
Mib1	Tmcc2
Mib1	Tmcc3
Mib1	Tmeff1
Mib1	Tmeff2
Mib1	Tmem119
Mib1	Top3b
Mib1	Tpm3
Mib1	Trmt10c
Mib1	Tspyl4
Mib1	Tub
Mib1	Tuba1c
Mib1	Tuba4a
Mib1	Tubb2a
Mib1	Tubb4a
Mib1	Tubb4b
Mib1	Tubb5
Mib1	Tubb6
Mib1	U2af2
Mib1	U2surp
Mib1	Ubc
Mib1	Ube2d2
Mib1	Uggt1
Mib1	Uhrf2
Mib1	Usp3
Mib1	Usp6nl
Mib1	Usp9x
Mib1	Utp18
Mib1	Vps33b
Mib1	Wdhd1
Mib1	Wdr24
Mib1	Xylt1
Mib1	Ythdc2
Mib1	Ywhah
Mib1	Zc2hc1a
Mib1	Zc3h14
Mib1	Zfc3h1
Mib1	Zfp598
Mib1	Zranb2
Mkl1	Srf
Mlc1	Ubc
Mllt4	Park2
Mlnr	Trhr
Mmp11	Stmn1
Mmp11	Stmn3
Mob4	Nme2
Mobp	Ubc
Morc3	Sumo3
Mpdz	Plekhg5
Mpdz	Sstr3
Mprip	Ubc
Msh2	Sumo3
Msn	Sumo3
Msn	Ubc
Mtfp1	Ubc
Mturn	Ubc
Mvk	Rps20
Mvk	Ube2i
Myc	Ubc
Myef2	Sumo3
Myh4	Rad23b
Myh9	Pdlim2
Myh9	Sumo3
Myl1	Rad23b
Myl1	Ubc
Myl6l	Park7
Myl6l	Ubc
Myo1d	Ubc
Myo6	Ntrk2
Myo6	Pdlim2
Myom1	Rad23b
Nab2	Sumo3
Nacc1	Sumo3
Nadsyn1	Ubc
Nap1l1	Ubc
Nap1l5	Ubc
Napg	Ubc
Nars	Sumo3
Nbl1	Ubqln1
Nbr1	Sqstm1
Nbr1	Trim55
Nbr1	Trim63
Nbr1	Ttn
Nbr1	Ubc
Ncald	Ubc
Ncam1	Ubb
Ncam1	Ubc
Ncdn	Ubc
Nckap1	Ubc
Ncl	Park7
Ncl	Parp1
Ncl	Snca
Ncoa3	Ssx1
Ncoa3	Sumo1
Ncoa3	Ubc
Ncor2	Sumo3
Ndfip1	Nedd4
Ndfip1	Ubc
Ndn	Rtn4
Ndn	Tnpo1
Ndrg2	Ubc
Necap1	Snap91
Necap1	Synj1
Necap1	Ubc
Necap2	Synj1
Nedd4	Pten
Nedd4	Scnn1a
Nedd4	Scnn1b
Nedd4	Scnn1g
Nedd4	Slc22a6
Nedd4	Slc6a3
Nedd4	Ywhab
Nedd4	Ywhae
Nedd4	Ywhag
Nedd4	Ywhah
Nedd4	Ywhaq
Nedd4l	Slc22a8
Nedd8	Ubc
Nefl	Sumo3
Nefl	Tsc1
Nefl	Tsc2
Nefl	Ubc
Nefm	Stub1
Nefm	Ubc
Neurod1	Tcf7l1
Nf1	Sdc2
Nf1	Sdc3
Nf1	Vcp
Nf1	Ywhah
Nfat5	Sumo3
Nfya	Sp1
Nfyc	Sp1
Ngef	Ubc
Ngfr	Ngfrap1
Ngfr	Ntrk1
Ngfr	Ntrk2
Ngfr	Ntrk3
Ngfr	Psen1
Ngfrap1	Tsc1
Ngly1	Ubc
Nlgn1	Pdzrn3
Nlgn1	Pick1
Nlgn1	Shank1
Nlgn1	Shank3
Nlgn1	Sipa1l1
Nlgn2	Pdzrn3
Nlgn2	Pick1
Nlgn2	Shank1
Nlgn2	Shank3
Nlgn2	Sipa1l1
Nlgn2	Ubc
Nme1	Ubc
Nme2	Ubc
Nme8	Ubc
Nono	Sumo3
Nop58	Sumo3
Nos1	Prkd1
Nos1	Stub1
Nos1	Ubc
Nos1	Vac14
Nox4	Stub1
Nploc4	Nsfl1c
Nploc4	Rad23b
Nploc4	Ufd1l
Nploc4	Vcp
Npm1	Park7
Npm1	Parp1
Npm3	Tnp2
Nptx1	Nptxr
Nr3c1	Stub1
Nr3c1	Ubc
Nr3c1	Ube2i
Nr3c2	Ubc
Nras	Rgs12
Nrgn	Ubc
Nrp1	Vegfa
Nrxn2	Ubc
Nsf	Ubc
Nsfl1c	Rad23b
Nsfl1c	Vcp
Nsg1	Ubc
Ntrk1	Psmb10
Ntrk1	Psmc2
Ntrk1	Rab7a
Ntrk1	Rgs12
Ntrk1	Sh2b1
Ntrk1	Sh2b3
Ntrk1	Shc1
Ntrk1	Sqstm1
Ntrk1	Traf6
Ntrk1	Ubc
Ntrk1	Ube2l3
Ntrk1	Usp8
Ntrk2	Uchl1
Nuak1	Usp9x
Nudt21	Park7
Nudt21	Snca
Numa1	Sumo3
Numbl	Traf6
Nup155	Ubc
Nup54	Nup62
Nup54	Nupl1
Nup62	Nup93
Nup62	Stau2
Nup62cl	Stau2
Nup93	Sumo3
Nutf2	Ran
Nutf2	Ubc
Nxf1	Stau2
Nxf7	Rad23b
Nxf7	Sumo3
Ocln	Ubc
Ocrl	Rab14
Ocrl	Rab1a
Ocrl	Rab5a
Ocrl	Rab6a
Ocrl	Rab8a
Ogt	Trak2
Ogt	Ubc
Olr1644	Ubc
Optn	Ubc
Oscp1	Park7
Oscp1	Snca
Otub1	Ubc
P2rx4	P2rx7
P2ry12	Ubc
P4hb	Sod1
Pa2g4	Sumo3
Pabpc1	Tob2
Pabpc1	Ubc
Pacsin1	Sos1
Pacsin1	Ubc
Pafah1b1	Ubc
Pak2	Ubc
Palm	Ubc
Pam	Ubc
Park2	Slc6a3
Park2	Tardbp
Park2	Trib3
Park2	Ubc
Park7	Pdap1
Park7	Phb
Park7	Rpl17
Park7	Rpl23
Park7	Rpl23a
Park7	Rpl24
Park7	Rpl26
Park7	Rpl27
Park7	Rpl32
Park7	Rpl4
Park7	Rpl8
Park7	Rps10
Park7	Rps20
Park7	Rps25
Park7	Rps3
Park7	Rps5
Park7	Rps6
Park7	Sept11
Park7	Sept2
Park7	Sept7
Park7	Snca
Park7	Sod1
Park7	Suclg1
Park7	Tcea1
Park7	Tpi1
Park7	Tpm3
Park7	Tuba1a
Park7	Tuba1b
Park7	Tubb5
Park7	Uqcrh
Park7	Vcp
Park7	Yars
Park7	Ywhag
Park7	Ywhaz
Parp1	Polr2a
Parp1	Rad50
Parp1	Sfpq
Parp1	Src
Parp1	Taf1
Parp1	Tle1
Parp1	Top2b
Pawr	Tfpt
Pcbp1	Sumo3
Pcbp2	Sumo3
Pcyt1b	Ubc
Pdap1	Snca
Pdcd6ip	Ubc
Pde12	Ubc
Pdia3	Slc12a3
Pdia3	Stat3
Pdia4	Tg
Pdia4	Thbs1
Pebp1	Prkca
Pebp1	Prkcb
Pebp1	Prkcg
Pebp1	Prkcz
Pebp1	Raf1
Pex1	Pex26
Pex26	Pex6
Pex5	Ubc
Pex5	Usp9x
Pfkl	Ubc
Pfkp	Ubc
Pfn1	Sumo3
Pgam1	Sumo3
Pgam1	Ubc
Pgk1	Sumo3
Pgk1	Ubc
Phb2	Sumo3
Phgdh	Ubc
Phkg1	Ubc
Phlpp1	Ubc
Phyhip	Ubc
Pias2	Sumo3
Pias2	Tollip
Pias4	Ss18
Pias4	Ssx1
Pias4	Sumo1
Pias4	Sumo3
Pik3ca	Pik3r1
Pik3cg	Pttg1
Pik3r1	Pttg1
Pik3r1	Thra
Pink1	Snca
Pitpna	Ubc
Pkm	Rad23b
Pkm	Ubc
Plcb1	Ubc
Plcg1	Snap91
Pld2	Ptk2b
Pld2	Src
Plec	Prkca
Plec	Sumo3
Pllp	Ubc
Plp1	Ubc
Plxnb1	Rnd1
Plxnb1	Rnd3
Pml	Rbck1
Pml	Sumo3
Pnck	Ubc
Pnmal2	Ubc
Pnpla2	Rfwd2
Pof1b	Rad23b
Por	Ubc
Potef	Sumo3
Ppap2b	Ubc
Ppara	Ubc
Pphln1	Sncaip
Ppia	Ubc
Ppib	Snca
Ppl	Ubc
Ppp1ca	Ubc
Ppp1r9a	Tgoln2
Ppp2ca	Snca
Ppp2ca	Sumo3
Ppp2cb	Ubc
Ppp2r1a	Ubc
Ppp3ca	Synj1
Ppp3ca	Ubc
Ppp3r1	Ubc
Prdx1	Rad23b
Prdx1	Ubc
Prdx1l1	Sumo3
Prdx2	Rad23b
Prdx6	Sftpa1
Prepl	Ubc
Prkaa1	Tsc2
Prkaa2	Stk11
Prkaca	Ubc
Prkaca	Wasf1
Prkar2b	Ubc
Prkca	Snca
Prkca	Stxbp1
Prkca	Ubc
Prkcb	Rbck1
Prkcb	Stxbp1
Prkcb	Ubc
Prkcd	Rac1
Prkcd	Serpine1
Prkcd	Tirap
Prkcd	Ubc
Prkce	Snca
Prkce	Ubc
Prkcg	Snca
Prkcg	Stxbp1
Prkcg	Traf6
Prkcg	Ubc
Prkch	Tirap
Prkci	Sqstm1
Prkcz	Rbck1
Prkcz	Slc40a1
Prkcz	Sqstm1
Prmt1	Sumo3
Prmt5	Ubc
Prpf40a	Sumo3
Prps1	Ubc
Prps1	Xiap
Prr7	Ubc
Prss56	Ubc
Psat1	Ubc
Psma1	Ubc
Psma2	Psmc5
Psma2	Ubc
Psma6	Ubc
Psmb5	Ubc
Psmc1	Psmc5
Psmc1	Tbp
Psmc1	Ubc
Psmc2	Psmc5
Psmc2	Tbp
Psmc2	Ubc
Psmc3	Psmc5
Psmc3	Psmd7
Psmc3	Psme3
Psmc3	Rad23b
Psmc3	Ubc
Psmc4	Ubc
Psmc5	Psmd7
Psmc5	Tbp
Psmc6	Ubc
Psmd1	Ubc
Psmd10	Rb1
Psmd11	Ublcp1
Psmd12	Ublcp1
Psmd13	Psmd4
Psmd13	Ubc
Psmd14	Rad23b
Psmd14	Ublcp1
Psmd3	Rad23b
Psmd3	Ublcp1
Psmd4	Rpn1
Psmd4	Tubg1
Psmd4	Ywhae
Psmd7	Ubc
Psmd9	Tcf3
Psme1	Rad23b
Psme3	Rad23b
Psme4	Rad23b
Psmf1	Rad23b
Ptbp1	Sumo3
Pten	Src
Pten	Ubc
Ptger1	Ptgs2
Ptges3	Ubc
Ptk2	Sorbs1
Ptn	Sdc3
Ptprc	Ubc
Ptprr	Src
Ptprz1	Syngap1
Ptrf	Ubc
Pygb	Ubc
Pygo2	Ubc
Qk	Ubc
RGD1307235	Ubc
RGD1560349	Rad23b
RGD1561179	Sumo3
RGD1561333	Sumo3
RGD1561590	Ubc
RGD1564606	Sumo3
RGD1565368	Sumo3
RGD1565900	Sumo3
Rab14	Sumo3
Rab14	Ubc
Rab15	Rabif
Rab1a	Sumo3
Rab1b	Ubc
Rab3a	Rph3al
Rab3c	Ubc
Rab5c	Sumo3
Rab5c	Ubc
Rab6a	Ubc
Rab8b	Ubc
Rabep1	Ubc
Rabep2	Ubc
Rac1	Tnfrsf12a
Rac1	Tuba1a
Rac1	Tubb2b
Rac1	Ubc
Rad23a	Ubc
Rad23b	Rpn1
Rad23b	Rpn2
Rad23b	Sqstm1
Rad23b	Stat1
Rad23b	Tgm1
Rad23b	Tgm3
Rad23b	Thbs4
Rad23b	Tnnc2
Rad23b	Tnnt3
Rad23b	Tpi1
Rad23b	Tpm1
Rad23b	Tpm2
Rad23b	Ttll1
Rad23b	Ubc
Rad23b	Ube3a
Rad23b	Ubr4
Rad23b	Ubxn1
Rad23b	Uchl5
Rad23b	Ufd1l
Rad23b	Usp14
Rad23b	Usp5
Rad23b	Usp7
Rad23b	Vcp
Rad23b	Vim
Rad54l2	Sumo3
Raf1	Rfxank
Raf1	Snca
Rala	Ralbp1
Rala	Ubc
Rala	Ybx3
Ralb	Ubc
Ran	Ubc
Rangap1	Sumo3
Rangap1	Ube2i
Rap1a	Sumo3
Rara	Senp6
Rara	Sp1
Rara	Ybx1
Rars	Ubc
Rasgrf1	Ubc
Rasl2-9	Sumo3
Rassf1	Skp2
Rassf1	Ubc
Rbl2	Skp2
Rbl2	Suv39h1
Rbl2	Ubc
Rbm25l1	Sumo3
Rbm8a	Stau2
Rcbtb1	Ubc
Rcor3	Ubc
Reep2	Ubc
Reln	Ubc
Ren	Tsc1
Ret	Ubc
Rgs20	Ubc
Rgs7	Ubc
Rgsl1	Sumo3
Rhoa	Rtkn
Rhob	Ubc
Rhog	Ubc
Rhot2	Ubc
Rimbp2	Ubc
Rnf111	Ski
Rnf111	Skil
Rnf111	Smad7
Rpl11	Snca
Rpl11	Sumo3
Rpl13a	Ubc
Rpl17	Snca
Rpl18	Ubc
Rpl19	Snca
Rpl19	Ubc
Rpl21	Snca
Rpl23a	Ubc
Rpl24	Ubc
Rpl27	Ubc
Rpl27a	Ubc
Rpl3	Sumo3
Rpl3	Ubc
Rpl30	Snca
Rpl30	Ubc
Rpl4	Ubc
Rpl6	Sumo3
Rpl6	Ubc
Rpl9	Ubc
Rpn1	Sumo3
Rpn1	Ublcp1
Rpn2	Ublcp1
Rps10	Ubc
Rps11	Snca
Rps14	Snca
Rps14	Sumo3
Rps18	Snca
Rps2	Snca
Rps2	Ubc
Rps20	Ubc
Rps21	Ubc
Rps23	Snca
Rps27	Tollip
Rps27a	Ubc
Rps3	Snca
Rps3	Sumo3
Rps3	Ubc
Rps6	Snca
Rps6ka5	Sumo3
Rps7	Snca
Rps8	Snca
Rps8	Ubc
Rpsa	Ubc
Rsf1	Sumo3
Rtcb	Snca
Rtcb	Ubc
Rtn1	Rtn4
Rtn1	Ryr2
Rtn4ip1	Ubc
Rufy3	Ubc
Runx1	Sumo3
Runx2	Vdr
Sae1	Sumo3
Safb	Sumo3
Sarm1	Ubc
Scamp1	Ubc
Scamp5	Ubc
Sccpdh	Ubc
Scd1	Ubc
Scn1a	Ubc
Scn2a	Ubc
Scn2b	Ubc
Scn3a	Ubc
Scn3b	Ubc
Scn8a	Ubc
Scnn1g	Tsg101
Scnn1g	Ubc
Scnn1g	Wwp1
Scrib	Sdk2
Sdc2	Sdc3
Sdc2	Sdcbp
Sdc4	Ubc
Sdcbp	Sdcbp2
Sdk2	Shank2
Sdk2	Sipa1l1
Sec14l2	Ubc
Sec23ip	Ubc
Selplg	Ubc
Sema5a	Ubc
Sept11	Ubc
Sept3	Ubc
Sept7	Snca
Sept7	Ubc
Sept8	Ubc
Sept9	Ubc
Serpinh1	Sumo3
Sf1	Snurf
Sgta	Ubc
Sgtb	Ubc
Sh2b1	Sh2b3
Sh3gl1	Sorbs2
Sh3gl1	Ubc
Sh3gl2	Synj1
Shank2	Sstr2
Shank3	Sharpin
Shank3	Sptan1
Shc1	Sos1
Siah1	Snca
Siah1	Sncaip
Siah1	Syp
Siah2	Snca
Siah2	Syp
Sik3	Ywhaz
Sipa1l1	Ubc
Sirpa	Ubc
Sirt2	Ubc
Ski	Smurf2
Skil	Smurf2
Skp1	Ubc
Slc11a2	Ubc
Slc12a2	Ubc
Slc12a5	Ubc
Slc13a3	Ubc
Slc14a1	Ubc
Slc14a2	Ubc
Slc16a1	Ubc
Slc17a6	Ubc
Slc17a7	Snca
Slc17a7	Ubc
Slc1a2	Ubc
Slc1a3	Ubc
Slc20a1	Ubc
Slc20a2	Ubc
Slc22a23	Ubc
Slc24a2	Ubc
Slc25a3	Sumo3
Slc25a31	Sumo3
Slc2a1	Ubc
Slc2a3	Ubc
Slc38a3	Ubc
Slc3a2	Ubc
Slc40a1	Sqstm1
Slc4a2	Ubc
Slc4a3	Ubc
Slc4a4	Ubc
Slc6a1	Ubc
Slc6a11	Ubc
Slc6a17	Ubc
Slc6a3	Snca
Slc6a9	Ubc
Slc8a1	Sptan1
Slc8a1	Sptbn1
Slc8a1	Ubc
Slc8a2	Ubc
Slc9a3r1	Ubc
Slco1c1	Ubc
Smad1	Vcp
Smad2	Ubc
Smad3	Zeb1
Smad7	Smurf2
Smad7	Tgfbr1
Smarca4	Smarcb1
Smchd1	Sumo3
Smim14	Ubc
Smpd3	Ubc
Smurf2	Tgfbr1
Snap23	Stx1b
Snap25	Stx1a
Snap25	Stx1b
Snap25	Syp
Snap25	Ubc
Snap91	Ubc
Snca	Srsf2
Snca	Th
Snca	Ubc
Snca	Usp9x
Snca	Ywhab
Sncaip	Syp
Sncb	Ubc
Snurf	Sp1
Snx3	Ubc
Socs1	Socs2
Socs2	Socs3
Sorbs1	Vcl
Sorbs2	Synj1
Sorbs3	Srcin1
Sox10	Sumo3
Sox6	Sumo3
Sp1	Ybx1
Sptan1	Sptbn1
Sptan1	Tanc1
Sptan1	Ubc
Sptbn1	Ubc
Sqstm1	Traf4
Sqstm1	Traf6
Sqstm1	Zfp110
Srcin1	Syp
Srcin1	Ubc
Srf	Zeb1
Srp68	Ubc
Srp9	Ubc
Stam	Ubc
Stip1	Ubc
Stk11ip	Ubc
Stmn3	Ubc
Stub1	Ubxn2a
Stub1	Vcp
Stx1a	Stxbp1
Stx1a	Stxbp2
Stx1a	Ubc
Stx1a	Vamp2
Stx1b	Stxbp1
Stx1b	Ubc
Stx2	Stxbp1
Stx2	Stxbp2
Stx3	Stxbp1
Stx3	Stxbp2
Stx4	Stxbp1
Stx5	Tmed9
Stx6	Ubc
Stx7	Ubc
Stx8	Ubc
Stxbp1	Ubc
Stxbp5	Sumo2
Stxbp5	Sumo3
Sub1	Tp53
Sumo1	Sumo3
Sumo1	Tollip
Sumo1	Tp53
Sumo2l	Sumo3
Sumo3	Tardbp
Sumo3	Tars
Sumo3	Tcerg1
Sumo3	Tead1
Sumo3	Thop1
Sumo3	Top2b
Sumo3	Trim24
Sumo3	Trim28
Sumo3	Trim33
Sumo3	Tuba1a
Sumo3	Tuba4a
Sumo3	Tubb2b
Sumo3	Tubb5
Sumo3	Uba1
Sumo3	Uba2
Sumo3	Ubc
Sumo3	Ube2i
Sumo3	Usp39
Sumo3	Vdac1
Sumo3	Vdac2
Sumo3	Vim
Sumo3	Wars
Sumo3	Wdr1
Sumo3	Wiz
Sumo3	Xpnpep1
Sumo3	Xpo5
Sumo3	Zbtb20
Sumo3	Zbtb38
Sumo3	Zeb2
Sumo3	Zhx1
Sumo3	Zmiz1
Sumo3	Znhit6
Sv2a	Ubc
Sv2b	Ubc
Syn1	Ubc
Syn2	Ubc
Syngap1	Ubc
Syngr1	Ubc
Synj1	Ubc
Synj2bp	Ubc
Synpo	Ubc
Syt1	Ubc
Syt11	Ubc
Syt13	Ubc
Syt2	Ubc
Syt3	Ubc
Syt5	Ubc
Tacr1	Ubc
Taf6	Ubc
Tagln	Traf6
Taldo1	Ubc
Tap1	Tap2
Tardbp	Ubc
Tbcc	Ubc
Tceal1	Ubc
Tceb1	Tceb2
Tceb1	Tceb3
Tceb2	Tceb3
Tcerg1	Ubc
Tcf3	Twist1
Tcp1	Ubc
Tecr	Ubc
Tekt2	Ubc
Tfrc	Ubc
Timm8b	Ubc
Tkt	Ubc
Tmed1	Tmed9
Tmed10	Tmed9
Tmed2	Tmed9
Tmem106b	Ubc
Tmem127	Ubc
Tmem151a	Ubc
Tmem176b	Ubc
Tmem30a	Ubc
Tmem59	Ubc
Tmem59l	Ubc
Tmod2	Ubc
Tmub1	Ubc
Tnni3	Ubc
Tnnt2	Ubc
Tollip	Tom1
Tollip	Ubc
Tollip	Ube2i
Tomm40l	Ubc
Tomm70a	Ubc
Tp53	Ubc
Tpi1	Ubc
Tpm1	Ubc
Tpm3	Ubc
Tpp2	Ubc
Tppp3	Ubc
Tradd	Ubc
Traf2	Ubc
Traf3	Ubc
Traf4	Ube2l3
Traf6	Zfp110
Trappc3	Ubc
Trappc5	Ubc
Trim2	Ubc
Trim23	Ubc
Trim28	Ubc
Trim32	Ubc
Trpc1	Trpc4
Trpc1	Trpc5
Tsc1	Tsc2
Tsc22d1	Ubc
Ttc9c	Ubc
Ttyh3	Ubc
Tuba1a	Ubc
Tuba4a	Ubc
Tubb2a	Ubc
Tubb4b	Ubc
Tubb5	Ubc
Tusc2	Ubc
Tut1	Ubc
Txn1	Ubc
Txnip	Ubc
Txnl1	Ubc
Uba1	Ubc
Uba3	Ubc
Uba52	Usp46
Ubc	Ube2d1
Ubc	Ube2l3
Ubc	Ube2n
Ubc	Ube2o
Ubc	Ube2ql1
Ubc	Ubl7
Ubc	Ubqln1
Ubc	Ubqln2
Ubc	Ubr4
Ubc	Uchl1
Ubc	Ucp1
Ubc	Usp13
Ubc	Usp14
Ubc	Usp2
Ubc	Usp24
Ubc	Usp25
Ubc	Usp34
Ubc	Usp4
Ubc	Usp5
Ubc	Usp9x
Ubc	Vamp1
Ubc	Vamp3
Ubc	Vamp7
Ubc	Vangl2
Ubc	Vcl
Ubc	Vcp
Ubc	Vdac1
Ubc	Vdac3
Ubc	Vim
Ubc	Vps26a
Ubc	Vps36
Ubc	Vps45
Ubc	Vps52
Ubc	Vsnl1
Ubc	Wars
Ubc	Wasf1
Ubc	Wasf2
Ubc	Wdr1
Ubc	Xiap
Ubc	Xirp2
Ubc	Xpnpep1
Ubc	Yod1
Ubc	Ywhab
Ubc	Ywhae
Ubc	Ywhag
Ubc	Ywhah
Ubc	Ywhaq
Ubc	Ywhaz
Ubc	Zdhhc20
Ubc	Zfp280d
Ubc	Zim1
Ubc	Zwint
Ubc	rnf141
Ube2b	Ubr2
Ube4a	Vcp
Ubxn2a	Vcp
Ubxn2b	Vcp
Ufd1l	Vcp
Usp5	Vcp
Yipf3	Yipf4
